<?xml version="1.0" encoding="UTF-8"?>

<!DOCTYPE suite SYSTEM "http://testng.org/testng-1.0.dtd" >
<suite name="Test Suite" verbose="1">
	<listeners>
		<listener class-name="common.utilities.TestListener" />
	</listeners>
	<test name="AlertConfiguration Tests">
		<classes>
			<class name="test.LoginTest" />
			<class name="test.AddNewAlertConfigurationTest" />
			<class name="test.EditAlertConfigurationTest" />
			<class name="test.DeleteAlertConfigurationTest" />
		</classes>
	</test>
</suite>